ID,FrameNb,Timestamp,PositionX,PositionY,VelocityX,VelocityY,ChecksumOK,TimeoutOK,FrameDrop
15,0,0,9.900000,-15.043000,0,0,1,1,0
78,0,0,0,0,0.980000,-0.981000,1,1,0
15,1,25,10.240000,-14.982000,0,0,1,1,0
15,2,50,10.410000,-14.891000,0,0,1,1,0
78,1,51,0,0,1.035000,-1.018000,1,1,0
15,3,75,10.350000,-14.824000,0,0,1,1,0
15,4,100,10.720000,-14.819000,0,0,1,1,0
15,5,125,10.760000,-14.731000,0,0,1,1,0
78,2,128,0,0,1.016000,-0.992000,1,0,0
15,6,150,10.840000,-14.673000,0,0,1,1,0
78,3,153,0,0,1.038000,-1.007000,1,0,0
15,7,175,11.250000,-14.678000,0,0,1,1,0
15,8,200,11.140000,-14.633000,0,0,1,1,0
78,4,204,0,0,1.048000,-0.985000,1,1,0
15,9,225,11.350000,-14.593000,0,0,1,1,0
78,5,255,0,0,1.084000,-0.974000,1,1,0
15,10,262,11.460000,-14.546000,0,0,1,0,0
15,11,275,11.810000,-14.492000,0,0,1,0,0
15,12,300,11.820000,-14.413000,0,0,1,1,0
78,6,306,0,0,1.093000,-0.985000,1,1,0
15,13,325,12.170000,-14.351000,0,0,1,1,0
15,14,350,12.250000,-14.383000,0,0,1,1,0
78,7,357,0,0,1.115000,-0.985000,1,0,0
15,15,375,12.290000,-14.301000,0,0,1,1,0
15,16,400,12.410000,-14.239000,0,0,1,1,0
78,8,408,0,0,1.123000,-1.009000,1,1,0
15,17,425,12.590000,-14.218000,0,0,1,1,0
15,18,450,12.760000,-14.101000,0,0,1,1,0
78,9,459,0,0,1.177000,-0.979000,1,1,0
15,19,475,12.910000,-14.046000,0,0,1,1,0
15,20,500,13.230000,-14.051000,0,0,1,1,0
78,10,510,0,0,1.175000,-1.003000,1,1,0
15,21,525,13.470000,-14.008000,0,0,1,1,0
15,22,550,13.440000,-13.906000,0,0,1,1,0
78,11,561,0,0,1.182000,-0.992000,1,0,0
15,23,575,13.530000,-13.904000,0,0,1,1,0
15,24,600,13.940000,-13.848000,0,0,1,1,0
15,25,625,14.090000,-13.836000,0,0,1,1,0
15,26,650,14.080000,-13.723000,0,0,1,1,0
78,13,663,0,0,1.224000,-0.969000,1,0,1
15,27,675,14.180000,-13.723000,0,0,1,1,0
15,28,700,14.290000,-13.672000,0,0,1,1,0
78,14,714,0,0,1.253000,-0.990000,1,1,1
15,29,725,14.700000,-13.653000,0,0,1,1,0
15,30,750,14.800000,-13.603000,0,0,1,1,0
78,15,765,0,0,1.285000,-0.950000,1,1,1
15,31,775,15.030000,-13.482000,0,0,1,1,0
15,32,800,15.000000,-13.435000,0,0,1,1,0
78,16,816,0,0,1.279000,-0.995000,1,1,1
15,33,825,15.220000,-13.474000,0,0,1,1,0
15,34,850,15.350000,-13.418000,0,0,1,1,0
78,17,867,0,0,1.292000,-0.957000,1,0,1
15,35,875,15.600000,-13.368000,0,0,1,1,0
15,36,900,15.740000,-13.319000,0,0,1,1,0
78,18,918,0,0,1.344000,-0.961000,1,1,1
15,37,925,15.850000,-13.285000,0,0,1,1,0
15,38,950,16.100000,-13.195000,0,0,1,1,0
78,19,969,0,0,1.368000,-0.970000,1,1,1
15,39,975,16.150000,-13.161000,0,0,1,1,0
15,40,1012,16.350000,-13.126000,0,0,1,0,0
78,20,1020,0,0,1.365000,-0.950000,1,1,1
15,41,1025,16.389999,-13.069000,0,0,1,0,0
15,42,1050,16.610001,-12.996000,0,0,1,1,0
78,21,1071,0,0,1.382000,-0.949000,1,0,1
15,43,1075,16.889999,-12.904000,0,0,1,1,0
15,44,1100,17.030001,-12.906000,0,0,1,1,0
78,22,1122,0,0,1.409000,-0.968000,1,1,1
15,45,1125,17.280001,-12.846000,0,0,1,1,0
15,46,1150,17.440001,-12.777000,0,0,1,1,0
78,23,1173,0,0,1.399000,-0.937000,1,1,1
15,47,1175,17.360001,-12.768000,0,0,1,1,0
15,48,1200,17.480000,-12.720000,0,0,1,1,0
78,24,1224,0,0,1.412000,-0.960000,1,1,1
15,49,1225,17.920000,-12.631000,0,0,1,1,0
15,50,1250,17.850000,-12.630000,0,0,1,1,0
15,51,1275,18.010000,-12.603000,0,0,1,1,0
78,25,1275,0,0,1.475000,-0.931000,1,0,1
15,52,1300,18.340000,-12.493000,0,0,1,1,0
15,53,1325,18.299999,-12.514000,0,0,1,1,0
78,26,1326,0,0,1.461000,-0.946000,1,1,1
15,54,1350,18.469999,-12.409000,0,0,1,1,0
15,55,1375,18.680000,-12.363000,0,0,1,1,0
78,27,1377,0,0,1.514000,-0.929000,1,1,1
15,56,1400,18.959999,-12.291000,0,0,1,1,0
15,57,1425,18.969999,-12.274000,0,0,1,1,0
78,28,1428,0,0,1.533000,-0.968000,1,1,1
15,58,1450,19.180000,-12.212000,0,0,1,1,0
15,59,1475,19.430000,-12.185000,0,0,1,1,0
78,29,1479,0,0,1.552000,-0.955000,1,0,1
15,60,1500,19.440001,-12.105000,0,0,1,1,0
15,61,1525,19.610001,-12.122000,0,0,1,1,0
78,30,1530,0,0,1.557000,-0.921000,1,1,1
15,62,1550,19.770000,-12.086000,0,0,1,1,0
15,63,1575,20.000000,-12.015000,0,0,1,1,0
78,31,1581,0,0,1.587000,-0.929000,1,1,1
15,64,1600,20.230000,-11.978000,0,0,1,1,0
15,65,1625,20.209999,-11.890000,0,0,1,1,0
78,32,1632,0,0,1.586000,-0.951000,1,1,1
15,66,1662,20.549999,-11.872000,0,0,1,0,0
15,67,1675,20.680000,-11.820000,0,0,1,0,0
78,33,1683,0,0,1.577000,-0.946000,1,0,1
15,68,1700,20.660000,-11.719000,0,0,1,1,0
15,69,1725,20.930000,-11.673000,0,0,1,1,0
78,34,1734,0,0,1.633000,-0.920000,1,1,1
15,70,1750,21.180000,-11.666000,0,0,1,1,0
15,71,1775,21.350000,-11.625000,0,0,1,1,0
78,35,1785,0,0,1.623000,-0.961000,1,1,1
15,72,1800,21.500000,-11.595000,0,0,1,1,0
15,73,1825,21.469999,-11.531000,0,0,1,1,0
78,36,1836,0,0,1.640000,-0.918000,1,1,1
15,74,1850,21.690001,-11.509000,0,0,1,1,0
15,75,1875,21.809999,-11.403000,0,0,1,1,0
78,37,1887,0,0,1.651000,-0.931000,1,0,1
15,76,1900,22.000000,-11.425000,0,0,1,1,0
15,77,1925,22.240000,-11.376000,0,0,1,1,0
78,38,1938,0,0,1.676000,-0.953000,1,1,1
15,78,1950,22.299999,-11.278000,0,0,1,1,0
15,79,1975,22.650000,-11.225000,0,0,1,1,0
78,39,1989,0,0,1.713000,-0.946000,1,1,1
15,80,2000,22.770000,-11.144000,0,0,1,1,0
15,81,2025,22.750000,-11.130000,0,0,1,1,0
78,40,2040,0,0,1.717000,-0.939000,1,1,1
15,82,2050,23.049999,-11.098000,0,0,1,1,0
15,83,2075,23.260000,-11.056000,0,0,1,1,0
78,41,2091,0,0,1.731000,-0.903000,1,0,1
15,84,2100,23.360001,-10.952000,0,0,1,1,0
15,85,2125,23.610001,-10.926000,0,0,1,1,0
78,42,2142,0,0,1.784000,-0.911000,1,1,1
15,86,2150,23.580000,-10.869000,0,0,1,1,0
15,87,2175,23.930000,-10.818000,0,0,1,1,0
78,43,2193,0,0,1.762000,-0.942000,1,1,1
15,88,2200,23.910000,-10.790000,0,0,1,1,0
15,89,2225,24.059999,-10.793000,0,0,1,1,0
78,44,2244,0,0,1.783000,-0.943000,1,1,1
15,90,2250,24.299999,-10.742000,0,0,1,1,0
15,91,2275,24.299999,-10.663000,0,0,1,1,0
78,45,2295,0,0,1.796000,-0.928000,1,0,1
15,92,2300,24.530001,-10.574000,0,0,1,1,0
15,93,2325,24.700001,-10.531000,0,0,1,1,0
78,46,2346,0,0,1.814000,-0.913000,1,1,1
15,94,2350,25.020000,-10.519000,0,0,1,1,0
15,95,2375,25.100000,-10.488000,0,0,1,1,0
78,47,2397,0,0,1.857000,-0.938000,1,1,1
15,96,2400,25.270000,-10.412000,0,0,1,1,0
15,97,2425,25.510000,-10.414000,0,0,1,1,0
78,48,2448,0,0,1.894000,-0.913000,1,1,1
15,98,2450,25.620001,-10.358000,0,0,1,1,0
15,99,2475,25.770000,-10.243000,0,0,1,1,0
78,49,2499,0,0,1.871000,-0.935000,1,0,1
15,100,2500,25.770000,-10.204000,0,0,1,1,0
15,101,2525,25.930000,-10.185000,0,0,1,1,0
78,50,2550,0,0,1.903000,-0.888000,1,1,1
15,102,2550,26.230000,-10.135000,0,0,1,1,0
15,103,2575,26.350000,-10.138000,0,0,1,1,0
15,104,2600,26.430000,-10.013000,0,0,1,1,0
78,51,2601,0,0,1.909000,-0.931000,1,1,1
15,105,2625,26.680000,-10.035000,0,0,1,1,0
15,106,2650,26.870001,-9.993000,0,0,1,1,0
78,52,2652,0,0,1.934000,-0.896000,1,1,1
15,107,2675,27.080000,-9.915000,0,0,1,1,0
15,108,2700,27.209999,-9.871000,0,0,1,1,0
78,53,2703,0,0,1.980000,-0.880000,1,0,1
15,109,2725,27.420000,-9.818000,0,0,1,1,0
15,110,2750,27.400000,-9.784000,0,0,1,1,0
78,54,2754,0,0,1.990000,-0.878000,1,1,1
15,111,2775,27.480000,-9.761000,0,0,1,1,0
15,112,2800,27.670000,-9.683000,0,0,1,1,0
78,55,2805,0,0,2.013000,-0.906000,1,1,1
15,113,2825,28.070000,-9.641000,0,0,1,1,0
15,114,2850,28.190001,-9.573000,0,0,1,1,0
78,56,2856,0,0,2.036000,-0.906000,1,1,1
15,115,2875,28.190001,-9.489000,0,0,1,1,0
15,116,2900,28.350000,-9.460000,0,0,1,1,0
78,57,2907,0,0,2.050000,-0.895000,1,0,1
15,117,2925,28.559999,-9.415000,0,0,1,1,0
15,118,2950,28.840000,-9.361000,0,0,1,1,0
78,58,2958,0,0,2.057000,-0.887000,1,1,1
15,119,2975,28.870001,-9.355000,0,0,1,1,0
15,120,3000,29.160000,-9.238000,0,0,1,1,0
78,59,3009,0,0,2.088000,-0.900000,1,1,1
15,121,3025,29.129999,-9.280000,0,0,1,1,0
15,122,3050,29.330000,-9.160000,0,0,1,1,0
78,60,3060,0,0,2.084000,-0.900000,1,1,1
15,123,3075,29.540001,-9.175000,0,0,1,1,0
15,124,3100,29.590000,-9.050000,0,0,1,1,0
78,61,3111,0,0,2.103000,-0.905000,1,0,1
15,125,3125,29.760000,-9.089000,0,0,1,1,0
15,126,3150,30.129999,-8.995000,0,0,1,1,0
78,62,3162,0,0,2.121000,-0.904000,1,1,1
15,127,3175,30.219999,-8.948000,0,0,1,1,0
15,128,3200,30.400000,-8.904000,0,0,1,1,0
78,63,3213,0,0,2.157000,-0.886000,1,1,1
15,129,3225,30.610001,-8.827000,0,0,1,1,0
15,130,3250,30.530001,-8.835000,0,0,1,1,0
78,64,3264,0,0,2.180000,-0.889000,1,1,1
15,131,3275,30.709999,-8.784000,0,0,1,1,0
15,132,3300,30.980000,-8.711000,0,0,1,1,0
78,65,3315,0,0,2.203000,-0.892000,1,0,1
15,133,3325,31.049999,-8.682000,0,0,1,1,0
15,134,3350,31.330000,-8.580000,0,0,1,1,0
78,66,3366,0,0,2.203000,-0.883000,1,1,1
15,135,3375,31.299999,-8.565000,0,0,1,1,0
15,136,3400,31.540001,-8.476000,0,0,1,1,0
78,67,3417,0,0,2.237000,-0.877000,1,1,1
15,137,3425,31.629999,-8.499000,0,0,1,1,0
15,138,3450,31.969999,-8.476000,0,0,1,1,0
78,68,3468,0,0,2.244000,-0.876000,1,1,1
15,139,3475,32.160000,-8.406000,0,0,1,1,0
15,140,3500,32.090000,-8.383000,0,0,1,1,0
78,69,3519,0,0,2.268000,-0.870000,1,0,1
15,141,3525,32.389999,-8.267000,0,0,1,1,0
15,142,3550,32.430000,-8.253000,0,0,1,1,0
78,70,3570,0,0,2.273000,-0.894000,1,1,1
15,143,3575,32.720001,-8.197000,0,0,1,1,0
15,144,3600,32.930000,-8.135000,0,0,1,1,0
78,71,3621,0,0,2.279000,-0.855000,1,1,1
15,145,3625,32.980000,-8.067000,0,0,1,1,0
15,146,3650,33.169998,-8.080000,0,0,1,1,0
78,72,3672,0,0,2.319000,-0.888000,1,1,1
15,147,3675,33.180000,-7.962000,0,0,1,1,0
15,148,3700,33.610001,-7.983000,0,0,1,1,0
78,73,3723,0,0,2.350000,-0.847000,1,0,1
15,149,3725,33.669998,-7.865000,0,0,1,1,0
15,150,3750,33.820000,-7.896000,0,0,1,1,0
78,74,3774,0,0,2.336000,-0.854000,1,1,1
15,151,3775,34.070000,-7.845000,0,0,1,1,0
15,152,3800,34.130001,-7.778000,0,0,1,1,0
15,153,3825,34.209999,-7.733000,0,0,1,1,0
78,75,3825,0,0,2.342000,-0.858000,1,1,1
15,154,3850,34.290001,-7.698000,0,0,1,1,0
15,155,3875,34.660000,-7.623000,0,0,1,1,0
78,76,3876,0,0,2.363000,-0.843000,1,1,1
15,156,3900,34.700001,-7.599000,0,0,1,1,0
15,157,3925,34.910000,-7.568000,0,0,1,1,0
78,77,3927,0,0,2.410000,-0.846000,1,0,1
15,158,3950,35.150002,-7.470000,0,0,1,1,0
15,159,3975,35.259998,-7.397000,0,0,1,1,0
78,78,3978,0,0,2.415000,-0.874000,1,1,1
15,160,4000,35.279999,-7.370000,0,0,1,1,0
15,161,4025,35.459999,-7.366000,0,0,1,1,0
78,79,4029,0,0,2.427000,-0.872000,1,1,1
15,162,4050,35.810001,-7.287000,0,0,1,1,0
15,163,4075,35.959999,-7.234000,0,0,1,1,0
78,80,4080,0,0,2.467000,-0.857000,1,1,1
15,164,4100,36.000000,-7.143000,0,0,1,1,0
15,165,4125,36.230000,-7.187000,0,0,1,1,0
78,81,4131,0,0,2.491000,-0.871000,1,0,1
15,166,4150,36.419998,-7.082000,0,0,1,1,0
15,167,4175,36.389999,-7.073000,0,0,1,1,0
78,82,4182,0,0,2.501000,-0.842000,1,1,1
15,168,4200,36.520000,-6.983000,0,0,1,1,0
15,169,4225,36.910000,-6.954000,0,0,1,1,0
78,83,4233,0,0,2.486000,-0.859000,1,1,1
15,170,4250,36.869999,-6.866000,0,0,1,1,0
15,171,4275,37.259998,-6.839000,0,0,1,1,0
78,84,4284,0,0,2.528000,-0.872000,1,1,1
15,172,4300,37.270000,-6.839000,0,0,1,1,0
15,173,4325,37.380001,-6.806000,0,0,1,1,0
78,85,4335,0,0,2.552000,-0.836000,1,0,1
15,174,4350,37.560001,-6.678000,0,0,1,1,0
15,175,4375,37.650002,-6.623000,0,0,1,1,0
78,86,4386,0,0,2.544000,-0.835000,1,1,1
15,176,4400,37.910000,-6.602000,0,0,1,1,0
15,177,4425,38.209999,-6.565000,0,0,1,1,0
78,87,4437,0,0,2.594000,-0.846000,1,1,1
15,178,4450,38.150002,-6.480000,0,0,1,1,0
15,179,4475,38.349998,-6.468000,0,0,1,1,0
78,88,4488,0,0,2.585000,-0.822000,1,1,1
15,180,4500,38.630001,-6.401000,0,0,1,1,0
15,181,4525,38.750000,-6.397000,0,0,1,1,0
78,89,4539,0,0,2.606000,-0.824000,1,0,1
15,182,4550,38.759998,-6.289000,0,0,1,1,0
15,183,4575,39.060001,-6.333000,0,0,1,1,0
78,90,4590,0,0,2.631000,-0.854000,1,1,1
15,184,4600,39.230000,-6.244000,0,0,1,1,0
15,185,4625,39.360001,-6.241000,0,0,1,1,0
78,91,4641,0,0,2.650000,-0.859000,1,1,1
15,186,4650,39.660000,-6.191000,0,0,1,1,0
15,187,4675,39.650002,-6.111000,0,0,1,1,0
78,92,4692,0,0,2.670000,-0.833000,1,1,1
15,188,4700,39.880001,-6.098000,0,0,1,1,0
15,189,4725,39.880001,-5.976000,0,0,1,1,0
78,93,4743,0,0,2.668000,-0.807000,1,0,1
15,190,4750,40.049999,-5.961000,0,0,1,1,0
15,191,4775,40.270000,-5.864000,0,0,1,1,0
78,94,4794,0,0,2.720000,-0.816000,1,1,1
15,192,4800,40.599998,-5.878000,0,0,1,1,0
15,193,4825,40.709999,-5.791000,0,0,1,1,0
78,95,4845,0,0,2.718000,-0.815000,1,1,1
15,194,4850,40.759998,-5.780000,0,0,1,1,0
15,195,4875,40.930000,-5.673000,0,0,1,1,0
78,96,4896,0,0,2.740000,-0.829000,1,1,1
15,196,4900,40.959999,-5.697000,0,0,1,1,0
15,197,4925,41.400002,-5.594000,0,0,1,1,0
78,97,4947,0,0,2.765000,-0.807000,1,0,1
15,198,4950,41.410000,-5.611000,0,0,1,1,0
15,199,4975,41.610001,-5.515000,0,0,1,1,0
78,98,4998,0,0,2.779000,-0.826000,1,1,1
15,200,5000,41.880001,-5.453000,0,0,1,1,0
15,201,5025,41.910000,-5.434000,0,0,1,1,0
78,99,5049,0,0,2.792000,-0.798000,1,1,1
15,202,5062,41.970001,-5.375000,0,0,1,0,0
15,203,5075,42.150002,-5.354000,0,0,1,0,0
15,204,5100,42.250000,-5.322000,0,0,1,1,0
78,100,5100,0,0,2.809000,-0.829000,1,1,1
15,205,5125,42.660000,-5.220000,0,0,1,1,0
15,206,5150,42.820000,-5.223000,0,0,1,1,0
78,101,5151,0,0,2.814000,-0.841000,1,0,1
15,207,5175,42.810001,-5.153000,0,0,1,1,0
15,208,5200,43.110001,-5.097000,0,0,1,1,0
78,102,5202,0,0,2.853000,-0.803000,1,1,1
15,209,5225,43.279999,-5.087000,0,0,1,1,0
15,210,5250,43.209999,-5.043000,0,0,1,1,0
78,103,5253,0,0,2.882000,-0.822000,1,1,1
15,211,5275,43.590000,-4.943000,0,0,1,1,0
15,212,5300,43.570000,-4.905000,0,0,1,1,0
78,104,5304,0,0,2.898000,-0.830000,1,1,1
15,213,5325,43.810001,-4.841000,0,0,1,1,0
15,214,5350,44.020000,-4.763000,0,0,1,1,0
78,105,5355,0,0,2.901000,-0.832000,1,0,1
15,215,5375,44.259998,-4.765000,0,0,1,1,0
15,216,5400,44.209999,-4.701000,0,0,1,1,0
78,106,5406,0,0,2.907000,-0.805000,1,1,1
15,217,5425,44.500000,-4.620000,0,0,1,1,0
15,218,5450,44.740002,-4.618000,0,0,1,1,0
78,107,5457,0,0,2.958000,-0.819000,1,1,1
15,219,5475,44.799999,-4.617000,0,0,1,1,0
15,220,5500,44.900002,-4.529000,0,0,1,1,0
78,108,5508,0,0,2.940000,-0.804000,1,1,1
15,221,5525,45.080002,-4.462000,0,0,1,1,0
15,222,5550,45.099998,-4.438000,0,0,1,1,0
78,109,5559,0,0,2.978000,-0.779000,1,0,1
15,223,5575,45.250000,-4.348000,0,0,1,1,0
15,224,5600,45.660000,-4.337000,0,0,1,1,0
78,110,5610,0,0,2.998000,-0.798000,1,1,1
15,225,5625,45.650002,-4.270000,0,0,1,1,0
15,226,5650,45.959999,-4.224000,0,0,1,1,0
78,111,5661,0,0,3.026000,-0.800000,1,1,1
15,227,5675,46.029999,-4.178000,0,0,1,1,0
15,228,5700,46.049999,-4.164000,0,0,1,1,0
78,112,5712,0,0,3.034000,-0.803000,1,1,1
15,229,5725,46.259998,-4.057000,0,0,1,1,0
15,230,5750,46.369999,-4.067000,0,0,1,1,0
78,113,5763,0,0,3.035000,-0.799000,1,0,1
15,231,5787,46.730000,-3.996000,0,0,1,0,0
15,232,5800,46.830002,-3.971000,0,0,1,0,0
78,114,5814,0,0,3.080000,-0.806000,1,1,1
15,233,5825,47.119999,-3.879000,0,0,1,1,0
15,234,5850,47.230000,-3.862000,0,0,1,1,0
78,115,5865,0,0,3.115000,-0.786000,1,1,1
15,235,5875,47.349998,-3.776000,0,0,1,1,0
15,236,5900,47.320000,-3.810000,0,0,1,1,0
78,116,5916,0,0,3.084000,-0.796000,1,1,1
15,237,5925,47.750000,-3.731000,0,0,1,1,0
15,238,5950,47.889999,-3.662000,0,0,1,1,0
78,117,5967,0,0,3.117000,-0.798000,1,0,1
15,239,5975,48.020000,-3.615000,0,0,1,1,0
15,240,6000,47.970001,-3.589000,0,0,1,1,0
78,118,6018,0,0,3.150000,-0.768000,1,1,1
15,241,6025,48.340000,-3.538000,0,0,1,1,0
15,242,6062,48.299999,-3.451000,0,0,1,0,0
78,119,6069,0,0,3.176000,-0.768000,1,1,1
15,243,6075,48.689999,-3.417000,0,0,1,0,0
15,244,6100,48.580002,-3.387000,0,0,1,1,0
78,120,6120,0,0,3.195000,-0.766000,1,1,1
15,245,6125,48.980000,-3.299000,0,0,1,1,0
15,246,6150,49.000000,-3.318000,0,0,1,1,0
78,121,6171,0,0,3.220000,-0.772000,1,0,1
15,247,6175,49.240002,-3.232000,0,0,1,1,0
15,248,6200,49.250000,-3.227000,0,0,1,1,0
78,122,6222,0,0,3.226000,-0.779000,1,1,1
15,249,6225,49.580002,-3.167000,0,0,1,1,0
15,250,6250,49.720001,-3.055000,0,0,1,1,0
78,123,6273,0,0,3.229000,-0.766000,1,1,1
15,251,6275,49.799999,-3.096000,0,0,1,1,0
15,252,6300,50.110001,-3.022000,0,0,1,1,0
78,124,6324,0,0,3.260000,-0.765000,1,1,1
15,253,6325,50.259998,-2.983000,0,0,1,1,0
15,254,6350,50.180000,-2.913000,0,0,1,1,0
78,125,6375,0,0,3.283000,-0.754000,1,0,1
15,255,6375,50.389999,-2.886000,0,0,1,1,0
15,256,6400,50.570000,-2.775000,0,0,1,1,0
15,257,6425,50.830002,-2.733000,0,0,1,1,0
78,126,6426,0,0,3.266000,-0.757000,1,1,1
15,258,6450,51.040001,-2.750000,0,0,1,1,0
15,259,6475,51.160000,-2.713000,0,0,1,1,0
78,127,6477,0,0,3.307000,-0.765000,1,1,1
15,260,6500,51.320000,-2.588000,0,0,1,1,0
15,261,6525,51.330002,-2.580000,0,0,1,1,0
15,262,6550,51.689999,-2.504000,0,0,1,1,0
15,263,6575,51.840000,-2.478000,0,0,1,1,0
78,129,6579,0,0,3.347000,-0.778000,1,0,2
15,264,6600,51.939999,-2.447000,0,0,1,1,0
15,265,6625,52.200001,-2.364000,0,0,1,1,0
78,130,6630,0,0,3.354000,-0.756000,1,1,2
15,266,6650,52.200001,-2.351000,0,0,1,1,0
15,267,6675,52.259998,-2.276000,0,0,1,1,0
78,131,6681,0,0,3.369000,-0.765000,1,1,2
15,268,6700,52.540001,-2.201000,0,0,1,1,0
15,269,6725,52.730000,-2.150000,0,0,1,1,0
78,132,6732,0,0,3.392000,-0.742000,1,1,2
15,270,6750,52.770000,-2.147000,0,0,1,1,0
15,271,6775,52.930000,-2.089000,0,0,1,1,0
78,133,6783,0,0,3.396000,-0.734000,1,0,2
15,272,6800,53.029999,-2.009000,0,0,1,1,0
15,273,6825,53.369999,-2.022000,0,0,1,1,0
78,134,6834,0,0,3.430000,-0.748000,1,1,2
15,274,6850,53.520000,-1.936000,0,0,1,1,0
15,275,6875,53.619999,-1.921000,0,0,1,1,0
78,135,6885,0,0,3.445000,-0.776000,1,1,2
15,276,6900,53.950001,-1.840000,0,0,1,1,0
15,277,6925,54.080002,-1.826000,0,0,1,1,0
78,136,6936,0,0,3.469000,-0.775000,1,1,2
15,278,6950,54.029999,-1.771000,0,0,1,1,0
15,279,6975,54.290001,-1.671000,0,0,1,1,0
78,137,6987,0,0,3.506000,-0.753000,1,0,2
15,280,7000,54.500000,-1.709000,0,0,1,1,0
15,281,7025,54.490002,-1.619000,0,0,1,1,0
78,138,7038,0,0,3.533000,-0.733000,1,1,2
15,282,7050,54.900002,-1.586000,0,0,1,1,0
15,283,7075,54.770000,-1.571000,0,0,1,1,0
78,139,7089,0,0,3.504000,-0.759000,1,1,2
15,284,7100,55.209999,-1.482000,0,0,1,1,0
15,285,7125,55.200001,-1.474000,0,0,1,1,0
78,140,7140,0,0,3.539000,-0.740000,1,1,2
15,286,7150,55.400002,-1.371000,0,0,1,1,0
15,287,7175,55.540001,-1.366000,0,0,1,1,0
78,141,7191,0,0,3.558000,-0.727000,1,0,2
15,288,7200,55.720001,-1.302000,0,0,1,1,0
15,289,7225,55.750000,-1.273000,0,0,1,1,0
78,142,7242,0,0,3.573000,-0.743000,1,1,2
15,290,7250,56.119999,-1.147000,0,0,1,1,0
15,291,7275,56.209999,-1.103000,0,0,1,1,0
78,143,7293,0,0,3.601000,-0.721000,1,1,2
15,292,7300,56.439999,-1.051000,0,0,1,1,0
15,293,7325,56.419998,-1.089000,0,0,1,1,0
78,144,7344,0,0,3.642000,-0.741000,1,1,2
15,294,7350,56.619999,-1.012000,0,0,1,1,0
15,295,7375,56.869999,-0.952000,0,0,1,1,0
78,145,7395,0,0,3.636000,-0.723000,1,0,2
15,296,7400,56.919998,-0.876000,0,0,1,1,0
15,297,7425,57.160000,-0.827000,0,0,1,1,0
78,146,7446,0,0,3.633000,-0.744000,1,1,2
15,298,7450,57.389999,-0.802000,0,0,1,1,0
15,299,7475,57.520000,-0.776000,0,0,1,1,0
78,147,7497,0,0,3.654000,-0.718000,1,1,2
15,300,7500,57.669998,-0.674000,0,0,1,1,0
15,301,7525,57.770000,-0.654000,0,0,1,1,0
78,148,7548,0,0,3.674000,-0.712000,1,1,2
15,302,7550,57.860001,-0.570000,0,0,1,1,0
15,303,7575,58.020000,-0.563000,0,0,1,1,0
78,149,7599,0,0,3.730000,-0.738000,1,0,2
15,304,7600,58.240002,-0.511000,0,0,1,1,0
15,305,7625,58.439999,-0.515000,0,0,1,1,0
78,150,7650,0,0,3.708000,-0.738000,1,1,2
15,306,7650,58.639999,-0.423000,0,0,1,1,0
15,307,7675,58.860001,-0.347000,0,0,1,1,0
15,308,7700,58.849998,-0.310000,0,0,1,1,0
78,151,7701,0,0,3.762000,-0.727000,1,1,2
15,310,7750,59.070000,-0.190000,0,0,1,0,1
78,152,7752,0,0,3.743000,-0.729000,1,1,2
15,311,7775,59.419998,-0.205000,0,0,1,1,1
15,312,7800,59.400002,-0.188000,0,0,1,1,1
78,153,7803,0,0,3.770000,-0.698000,1,0,2
15,313,7825,59.730000,-0.140000,0,0,1,1,1
15,314,7850,59.709999,-0.003000,0,0,1,1,1
78,154,7854,0,0,3.791000,-0.733000,1,1,2
15,315,7875,59.849998,-0.015000,0,0,1,1,1
15,316,7900,60.099998,0.015000,0,0,1,1,1
78,155,7905,0,0,3.805000,-0.698000,1,1,2
15,317,7925,60.349998,0.088000,0,0,1,1,1
15,318,7950,60.610001,0.173000,0,0,1,1,1
78,156,7956,0,0,3.838000,-0.710000,1,1,2
15,319,7975,60.560001,0.193000,0,0,1,1,1
15,320,8000,60.900002,0.260000,0,0,1,1,1
78,157,8007,0,0,3.860000,-0.736000,1,0,2
15,321,8025,60.860001,0.240000,0,0,1,1,1
15,322,8050,61.200001,0.364000,0,0,1,1,1
78,158,8058,0,0,3.892000,-0.694000,1,1,2
15,323,8075,61.410000,0.382000,0,0,1,1,1
15,324,8100,61.470001,0.397000,0,0,1,1,1
78,159,8109,0,0,3.912000,-0.719000,1,1,2
15,325,8125,61.580002,0.438000,0,0,1,1,1
15,326,8150,61.880001,0.489000,0,0,1,1,1
78,160,8160,0,0,3.889000,-0.711000,1,1,2
15,327,8175,62.009998,0.521000,0,0,1,1,1
15,328,8200,62.029999,0.573000,0,0,1,1,1
78,161,8211,0,0,3.903000,-0.704000,1,0,2
15,329,8225,62.360001,0.711000,0,0,1,1,1
15,330,8250,62.299999,0.688000,0,0,1,1,1
78,162,8262,0,0,3.965000,-0.728000,1,1,2
15,331,8275,62.500000,0.728000,0,0,1,1,1
15,332,8300,62.790001,0.782000,0,0,1,1,1
78,163,8313,0,0,3.943000,-0.722000,1,1,2
15,333,8325,62.900002,0.875000,0,0,1,1,1
15,334,8350,62.910000,0.885000,0,0,1,1,1
78,164,8364,0,0,3.976000,-0.704000,1,1,2
15,335,8375,63.209999,0.929000,0,0,1,1,1
15,336,8400,63.430000,0.994000,0,0,1,1,1
78,165,8415,0,0,3.987000,-0.699000,1,0,2
15,337,8425,63.360001,1.018000,0,0,1,1,1
15,338,8450,63.709999,1.142000,0,0,1,1,1
78,166,8466,0,0,4.039000,-0.689000,1,1,2
15,339,8475,63.680000,1.145000,0,0,1,1,1
15,340,8500,63.900002,1.167000,0,0,1,1,1
78,167,8517,0,0,4.053000,-0.676000,1,1,2
15,341,8525,64.019997,1.228000,0,0,1,1,1
15,342,8550,64.400002,1.260000,0,0,1,1,1
78,168,8568,0,0,4.044000,-0.700000,1,1,2
15,343,8575,64.360001,1.295000,0,0,1,1,1
15,344,8600,64.559998,1.389000,0,0,1,1,1
78,169,8619,0,0,4.050000,-0.713000,1,0,2
15,345,8625,64.720001,1.469000,0,0,1,1,1
15,346,8650,64.989998,1.483000,0,0,1,1,1
78,170,8670,0,0,4.066000,-0.711000,1,1,2
15,347,8675,65.000000,1.505000,0,0,1,1,1
15,348,8700,65.199997,1.540000,0,0,1,1,1
78,171,8721,0,0,4.124000,-0.713000,1,1,2
15,349,8725,65.269997,1.651000,0,0,1,1,1
15,350,8750,65.599998,1.684000,0,0,1,1,1
78,172,8772,0,0,4.130000,-0.690000,1,1,2
15,351,8775,65.830002,1.757000,0,0,1,1,1
15,352,8800,65.750000,1.731000,0,0,1,1,1
78,173,8823,0,0,4.159000,-0.671000,1,0,2
15,354,8850,66.150002,1.870000,0,0,1,0,2
78,174,8874,0,0,4.177000,-0.681000,1,1,2
15,355,8875,66.239998,1.867000,0,0,1,1,2
15,356,8900,66.400002,1.988000,0,0,1,1,2
78,175,8925,0,0,4.157000,-0.697000,1,1,2
15,357,8925,66.699997,2.040000,0,0,1,1,2
15,358,8950,66.870003,2.089000,0,0,1,1,2
15,359,8975,66.919998,2.094000,0,0,1,1,2
78,176,8976,0,0,4.181000,-0.674000,1,1,2
15,360,9000,67.050003,2.189000,0,0,1,1,2
15,361,9025,67.419998,2.236000,0,0,1,1,2
78,177,9027,0,0,4.215000,-0.692000,1,0,2
15,362,9050,67.459999,2.278000,0,0,1,1,2
15,363,9075,67.620003,2.261000,0,0,1,1,2
78,178,9078,0,0,4.250000,-0.690000,1,1,2
15,364,9100,67.919998,2.339000,0,0,1,1,2
15,365,9125,68.050003,2.394000,0,0,1,1,2
78,179,9129,0,0,4.271000,-0.697000,1,1,2
15,366,9150,68.150002,2.403000,0,0,1,1,2
15,367,9175,68.150002,2.483000,0,0,1,1,2
78,180,9180,0,0,4.281000,-0.654000,1,1,2
15,368,9200,68.290001,2.482000,0,0,1,1,2
15,369,9225,68.629997,2.546000,0,0,1,1,2
78,181,9231,0,0,4.280000,-0.691000,1,0,2
15,370,9250,68.699997,2.652000,0,0,1,1,2
15,371,9275,68.739998,2.705000,0,0,1,1,2
78,182,9282,0,0,4.299000,-0.689000,1,1,2
15,372,9300,69.120003,2.689000,0,0,1,1,2
15,373,9325,69.250000,2.809000,0,0,1,1,2
78,183,9333,0,0,4.325000,-0.688000,1,1,2
15,374,9350,69.239998,2.826000,0,0,1,1,2
15,375,9375,69.639999,2.897000,0,0,1,1,2
78,184,9384,0,0,4.340000,-0.668000,1,1,2
15,376,9400,69.589996,2.870000,0,0,1,1,2
15,377,9425,69.800003,2.972000,0,0,1,1,2
78,185,9435,0,0,4.356000,-0.664000,1,0,2
15,378,9450,69.980003,3.046000,0,0,1,1,2
15,379,9475,70.120003,3.043000,0,0,1,1,2
78,186,9486,0,0,4.389000,-0.654000,1,1,2
15,380,9500,70.430000,3.104000,0,0,1,1,2
15,381,9525,70.519997,3.119000,0,0,1,1,2
78,187,9537,0,0,4.414000,-0.680000,1,1,2
15,382,9550,70.709999,3.180000,0,0,1,1,2
15,383,9575,70.839996,3.252000,0,0,1,1,2
78,188,9588,0,0,4.421000,-0.651000,1,1,2
15,384,9600,70.919998,3.255000,0,0,1,1,2
15,385,9625,71.089996,3.321000,0,0,1,1,2
78,189,9639,0,0,4.459000,-0.674000,1,0,2
15,386,9650,71.410004,3.429000,0,0,1,1,2
15,387,9675,71.489998,3.436000,0,0,1,1,2
78,190,9690,0,0,4.429000,-0.650000,1,1,2
15,388,9700,71.690002,3.437000,0,0,1,1,2
15,389,9725,71.680000,3.516000,0,0,1,1,2
78,191,9741,0,0,4.453000,-0.632000,1,1,2
15,390,9750,71.949997,3.522000,0,0,1,1,2
15,391,9775,71.980003,3.598000,0,0,1,1,2
78,192,9792,0,0,4.505000,-0.648000,1,1,2
15,392,9800,72.269997,3.707000,0,0,1,1,2
15,393,9825,72.330002,3.741000,0,0,1,1,2
78,193,9843,0,0,4.486000,-0.650000,1,0,2
15,394,9850,72.660004,3.798000,0,0,1,1,2
15,395,9875,72.559998,3.823000,0,0,1,1,2
78,194,9894,0,0,4.510000,-0.670000,1,1,2
15,396,9900,72.930000,3.883000,0,0,1,1,2
15,397,9925,72.900002,3.907000,0,0,1,1,2
78,195,9945,0,0,4.548000,-0.630000,1,1,2
15,398,9950,73.279999,3.946000,0,0,1,1,2
15,399,9975,73.290001,4.022000,0,0,1,1,2
78,196,9996,0,0,4.565000,-0.619000,1,1,2
15,400,10000,73.379997,4.086000,0,0,1,1,2
15,401,10025,73.599998,4.111000,0,0,1,1,2
78,197,10047,0,0,4.593000,-0.649000,1,0,2
15,402,10050,73.760002,4.181000,0,0,1,1,2
15,403,10075,73.970001,4.160000,0,0,1,1,2
78,198,10098,0,0,4.604000,-0.655000,1,1,2
15,404,10100,74.250000,4.269000,0,0,1,1,2
15,405,10125,74.320000,4.249000,0,0,1,1,2
78,199,10149,0,0,4.606000,-0.652000,1,1,2
15,406,10150,74.489998,4.334000,0,0,1,1,2
15,407,10175,74.610001,4.392000,0,0,1,1,2
15,408,10200,74.849998,4.457000,0,0,1,1,2
78,200,10200,0,0,4.635000,-0.638000,1,1,2
15,409,10225,74.959999,4.495000,0,0,1,1,2
15,410,10250,74.980003,4.477000,0,0,1,1,2
78,201,10251,0,0,4.657000,-0.646000,1,0,2
15,411,10275,75.320000,4.558000,0,0,1,1,2
15,412,10300,75.510002,4.639000,0,0,1,1,2
78,202,10302,0,0,4.691000,-0.654000,1,1,2
15,413,10325,75.650002,4.652000,0,0,1,1,2
15,414,10350,75.589996,4.690000,0,0,1,1,2
78,203,10353,0,0,4.676000,-0.644000,1,1,2
15,415,10375,76.000000,4.799000,0,0,1,1,2
15,416,10400,76.000000,4.768000,0,0,1,1,2
78,204,10404,0,0,4.716000,-0.631000,1,1,2
15,417,10425,76.150002,4.855000,0,0,1,1,2
15,418,10450,76.430000,4.859000,0,0,1,1,2
78,205,10455,0,0,4.733000,-0.612000,1,0,2
15,419,10475,76.440002,4.913000,0,0,1,1,2
15,420,10500,76.760002,5.045000,0,0,1,1,2
78,206,10506,0,0,4.765000,-0.649000,1,1,2
15,421,10525,76.940002,5.073000,0,0,1,1,2
15,422,10550,77.120003,5.060000,0,0,1,1,2
78,207,10557,0,0,4.768000,-0.625000,1,1,2
15,423,10575,76.989998,5.139000,0,0,1,1,2
15,424,10600,77.389999,5.220000,0,0,1,1,2
78,208,10608,0,0,4.799000,-0.614000,1,1,2
15,425,10637,77.599998,5.198000,0,0,1,0,2
15,426,10650,77.709999,5.293000,0,0,1,0,2
78,209,10659,0,0,4.809000,-0.624000,1,0,2
15,427,10675,77.879997,5.378000,0,0,1,1,2
15,428,10700,77.959999,5.336000,0,0,1,1,2
78,210,10710,0,0,4.825000,-0.635000,1,1,2
15,429,10725,78.000000,5.428000,0,0,1,1,2
15,430,10750,78.260002,5.472000,0,0,1,1,2
78,211,10761,0,0,4.835000,-0.625000,1,1,2
15,431,10775,78.440002,5.552000,0,0,1,1,2
15,432,10800,78.449997,5.548000,0,0,1,1,2
78,212,10812,0,0,4.873000,-0.607000,1,1,2
15,433,10825,78.620003,5.577000,0,0,1,1,2
15,434,10850,78.779999,5.676000,0,0,1,1,2
78,213,10863,0,0,4.869000,-0.634000,1,0,2
15,435,10875,79.059998,5.757000,0,0,1,1,2
15,436,10900,79.089996,5.779000,0,0,1,1,2
78,214,10914,0,0,4.867000,-0.612000,1,1,2
15,437,10925,79.349998,5.786000,0,0,1,1,2
15,438,10950,79.669998,5.901000,0,0,1,1,2
78,215,10965,0,0,4.928000,-0.605000,1,1,2
15,439,10975,79.629997,5.918000,0,0,1,1,2
15,440,11000,79.830002,5.988000,0,0,1,1,2
78,216,11016,0,0,4.934000,-0.622000,1,1,2
15,441,11025,80.120003,5.959000,0,0,1,1,2
15,442,11050,80.260002,6.052000,0,0,1,1,2
78,217,11067,0,0,4.955000,-0.619000,1,0,2
15,443,11075,80.419998,6.079000,0,0,1,1,2
15,444,11100,80.550003,6.173000,0,0,1,1,2
78,218,11118,0,0,4.944000,-0.594000,1,1,2
15,445,11125,80.589996,6.226000,0,0,1,1,2
15,446,11150,80.690002,6.267000,0,0,1,1,2
78,219,11169,0,0,4.986000,-0.608000,1,1,2
15,447,11175,81.019997,6.325000,0,0,1,1,2
15,448,11200,81.070000,6.320000,0,0,1,1,2
78,220,11220,0,0,4.979000,-0.581000,1,1,2
15,449,11225,81.180000,6.346000,0,0,1,1,2
15,450,11250,81.300003,6.471000,0,0,1,1,2
78,221,11271,0,0,5.002000,-0.619000,1,0,2
15,451,11275,81.540001,6.494000,0,0,1,1,2
15,452,11300,81.709999,6.568000,0,0,1,1,2
78,222,11322,0,0,5.043000,-0.612000,1,1,2
15,453,11325,82.019997,6.580000,0,0,1,1,2
15,454,11350,81.910004,6.647000,0,0,1,1,2
78,223,11373,0,0,5.064000,-0.608000,1,1,2
15,455,11375,82.230003,6.659000,0,0,1,1,2
15,456,11400,82.389999,6.699000,0,0,1,1,2
78,224,11424,0,0,5.094000,-0.613000,1,1,2
15,457,11425,82.529999,6.782000,0,0,1,1,2
15,458,11450,82.779999,6.839000,0,0,1,1,2
78,225,11475,0,0,5.098000,-0.575000,1,0,2
15,459,11475,82.790001,6.859000,0,0,1,1,2
15,460,11500,83.000000,6.897000,0,0,1,1,2
15,461,11525,83.290001,6.909000,0,0,1,1,2
78,226,11526,0,0,5.106000,-0.567000,1,1,2
15,462,11550,83.339996,7.008000,0,0,1,1,2
15,463,11575,83.550003,7.028000,0,0,1,1,2
78,227,11577,0,0,5.131000,-0.580000,1,1,2
15,464,11600,83.720001,7.114000,0,0,1,1,2
15,465,11625,83.709999,7.174000,0,0,1,1,2
78,228,11628,0,0,5.130000,-0.574000,1,1,2
15,466,11650,83.879997,7.181000,0,0,1,1,2
15,467,11675,84.110001,7.208000,0,0,1,1,2
78,229,11679,0,0,5.187000,-0.583000,1,0,2
15,468,11700,84.269997,7.248000,0,0,1,1,2
15,469,11725,84.419998,7.292000,0,0,1,1,2
78,230,11730,0,0,5.189000,-0.561000,1,1,2
15,470,11750,84.690002,7.383000,0,0,1,1,2
15,471,11775,84.629997,7.437000,0,0,1,1,2
78,231,11781,0,0,5.199000,-0.586000,1,1,2
15,472,11800,85.000000,7.433000,0,0,1,1,2
15,473,11825,85.129997,7.497000,0,0,1,1,2
78,232,11832,0,0,5.214000,-0.554000,1,1,2
15,474,11850,85.379997,7.564000,0,0,1,1,2
15,475,11875,85.370003,7.637000,0,0,1,1,2
78,233,11883,0,0,5.258000,-0.571000,1,0,2
15,476,11900,85.510002,7.629000,0,0,1,1,2
15,477,11925,85.690002,7.744000,0,0,1,1,2
78,234,11934,0,0,5.262000,-0.595000,1,1,2
15,478,11950,85.739998,7.787000,0,0,1,1,2
15,479,11975,85.970001,7.767000,0,0,1,1,2
78,235,11985,0,0,5.263000,-0.598000,1,1,2
15,480,12000,86.070000,7.898000,0,0,1,1,2
15,481,12025,86.419998,7.935000,0,0,1,1,2
78,236,12036,0,0,5.301000,-0.558000,1,1,2
15,482,12050,86.459999,7.927000,0,0,1,1,2
15,483,12075,86.669998,7.975000,0,0,1,1,2
78,237,12087,0,0,5.316000,-0.545000,1,0,2
15,484,12100,86.870003,8.003000,0,0,1,1,2
15,485,12125,87.019997,8.143000,0,0,1,1,2
78,238,12138,0,0,5.322000,-0.586000,1,1,2
15,486,12162,87.279999,8.157000,0,0,1,0,2
15,487,12175,87.400002,8.233000,0,0,1,0,2
78,239,12189,0,0,5.336000,-0.564000,1,1,2
15,488,12200,87.589996,8.207000,0,0,1,1,2
15,489,12225,87.660004,8.313000,0,0,1,1,2
78,240,12240,0,0,5.355000,-0.550000,1,1,2
15,490,12250,87.900002,8.321000,0,0,1,1,2
15,491,12275,88.000000,8.424000,0,0,1,1,2
78,241,12291,0,0,5.384000,-0.573000,1,0,2
15,492,12300,88.019997,8.430000,0,0,1,1,2
15,493,12325,88.190002,8.502000,0,0,1,1,2
78,242,12342,0,0,5.421000,-0.574000,1,1,2
15,494,12350,88.489998,8.497000,0,0,1,1,2
15,495,12375,88.529999,8.566000,0,0,1,1,2
78,243,12393,0,0,5.436000,-0.548000,1,1,2
15,496,12400,88.809998,8.590000,0,0,1,1,2
15,497,12425,88.860001,8.641000,0,0,1,1,2
78,244,12444,0,0,5.438000,-0.565000,1,1,2
15,498,12450,89.180000,8.684000,0,0,1,1,2
15,499,12475,89.160004,8.725000,0,0,1,1,2
78,245,12495,0,0,5.474000,-0.568000,1,0,2
15,500,12500,89.309998,8.760000,0,0,1,1,2
15,501,12525,89.669998,8.898000,0,0,1,1,2
78,246,12546,0,0,5.463000,-0.572000,1,1,2
15,502,12550,89.680000,8.904000,0,0,1,1,2
15,503,12575,89.820000,8.911000,0,0,1,1,2
78,247,12597,0,0,5.474000,-0.555000,1,1,2
15,504,12600,89.849998,9.037000,0,0,1,1,2
15,505,12625,90.180000,9.030000,0,0,1,1,2
78,248,12648,0,0,5.510000,-0.567000,1,1,2
15,506,12650,90.449997,9.075000,0,0,1,1,2
15,507,12675,90.559998,9.188000,0,0,1,1,2
78,249,12699,0,0,5.518000,-0.535000,1,0,2
15,508,12700,90.489998,9.233000,0,0,1,1,2
15,509,12725,90.839996,9.279000,0,0,1,1,2
78,250,12750,0,0,5.545000,-0.562000,1,1,2
15,510,12750,91.089996,9.271000,0,0,1,1,2
15,511,12775,91.209999,9.299000,0,0,1,1,2
15,512,12800,91.349998,9.399000,0,0,1,1,2
78,251,12801,0,0,5.557000,-0.534000,1,1,2
15,513,12825,91.330002,9.386000,0,0,1,1,2
15,514,12850,91.559998,9.434000,0,0,1,1,2
78,252,12852,0,0,5.559000,-0.541000,1,1,2
15,515,12875,91.730003,9.511000,0,0,1,1,2
15,516,12900,92.040001,9.582000,0,0,1,1,2
78,253,12903,0,0,5.591000,-0.523000,1,0,2
15,517,12925,92.180000,9.668000,0,0,1,1,2
15,518,12950,92.080002,9.657000,0,0,1,1,2
78,254,12954,0,0,5.641000,-0.516000,1,1,2
15,519,12975,92.459999,9.672000,0,0,1,1,2
15,520,13000,92.669998,9.735000,0,0,1,1,2
78,255,13005,0,0,5.643000,-0.547000,1,1,2
15,521,13025,92.669998,9.776000,0,0,1,1,2
15,522,13050,92.860001,9.856000,0,0,1,1,2
78,256,13056,0,0,5.644000,-0.557000,1,1,2
15,523,13075,92.860001,9.877000,0,0,1,1,2
15,524,13100,93.070000,9.955000,0,0,1,1,2
78,257,13107,0,0,5.656000,-0.551000,1,0,2
15,525,13125,93.339996,10.011000,0,0,1,1,2
15,526,13150,93.360001,10.022000,0,0,1,1,2
78,258,13158,0,0,5.709000,-0.511000,1,1,2
15,527,13175,93.540001,10.052000,0,0,1,1,2
15,528,13200,93.739998,10.116000,0,0,1,1,2
78,259,13209,0,0,5.704000,-0.545000,1,1,2
15,529,13225,94.029999,10.194000,0,0,1,1,2
15,530,13250,94.110001,10.226000,0,0,1,1,2
78,260,13260,0,0,5.739000,-0.537000,1,1,2
15,531,13275,94.430000,10.312000,0,0,1,1,2
15,532,13300,94.459999,10.356000,0,0,1,1,2
78,261,13311,0,0,5.742000,-0.544000,1,0,2
15,533,13325,94.720001,10.335000,0,0,1,1,2
15,534,13350,94.800003,10.433000,0,0,1,1,2
78,262,13362,0,0,5.752000,-0.547000,1,1,2
15,535,13375,95.000000,10.465000,0,0,1,1,2
15,536,13400,95.019997,10.572000,0,0,1,1,2
78,263,13413,0,0,5.782000,-0.514000,1,1,2
15,537,13425,95.180000,10.610000,0,0,1,1,2
15,538,13450,95.419998,10.656000,0,0,1,1,2
78,264,13464,0,0,5.806000,-0.523000,1,1,2
15,539,13475,95.620003,10.694000,0,0,1,1,2
15,540,13500,95.599998,10.719000,0,0,1,1,2
78,265,13515,0,0,5.828000,-0.543000,1,0,2
15,541,13525,95.760002,10.775000,0,0,1,1,2
15,542,13550,96.150002,10.820000,0,0,1,1,2
78,266,13566,0,0,5.811000,-0.526000,1,1,2
15,543,13575,96.099998,10.903000,0,0,1,1,2
15,544,13600,96.470001,10.888000,0,0,1,1,2
78,267,13617,0,0,5.838000,-0.527000,1,1,2
15,545,13625,96.639999,10.992000,0,0,1,1,2
15,546,13650,96.790001,11.015000,0,0,1,1,2
78,268,13668,0,0,5.884000,-0.502000,1,1,2
15,547,13675,96.680000,11.077000,0,0,1,1,2
15,548,13700,97.070000,11.064000,0,0,1,1,2
78,269,13719,0,0,5.867000,-0.512000,1,0,2
15,549,13725,97.279999,11.153000,0,0,1,1,2
15,550,13750,97.349998,11.197000,0,0,1,1,2
78,270,13770,0,0,5.897000,-0.532000,1,1,2
15,551,13775,97.389999,11.203000,0,0,1,1,2
15,552,13800,97.540001,11.306000,0,0,1,1,2
78,271,13821,0,0,5.932000,-0.517000,1,1,2
15,553,13825,97.809998,11.377000,0,0,1,1,2
15,554,13850,97.930000,11.376000,0,0,1,1,2
78,272,13872,0,0,5.933000,-0.487000,1,1,2
15,555,13875,98.050003,11.467000,0,0,1,1,2
15,556,13900,98.209999,11.469000,0,0,1,1,2
78,273,13923,0,0,5.945000,-0.495000,1,0,2
15,557,13925,98.389999,11.496000,0,0,1,1,2
15,558,13962,98.699997,11.540000,0,0,1,0,2
78,274,13974,0,0,5.972000,-0.500000,1,1,2
15,559,13975,98.699997,11.601000,0,0,1,0,2
15,560,14000,98.860001,11.693000,0,0,1,1,2
15,561,14025,99.139999,11.716000,0,0,1,1,2
78,275,14025,0,0,6.024000,-0.477000,1,1,2
15,562,14050,99.199997,11.732000,0,0,1,1,2
15,563,14075,99.419998,11.771000,0,0,1,1,2
78,276,14076,0,0,6.001000,-0.505000,1,1,2
15,564,14100,99.620003,11.873000,0,0,1,1,2
15,565,14125,99.760002,11.911000,0,0,1,1,2
78,277,14127,0,0,6.053000,-0.505000,1,0,2
15,566,14150,99.980003,11.912000,0,0,1,1,2
15,567,14175,100.089996,11.981000,0,0,1,1,2
78,278,14178,0,0,6.057000,-0.505000,1,1,2
15,568,14212,100.120003,12.007000,0,0,1,0,2
15,569,14225,100.430000,12.138000,0,0,1,0,2
78,279,14229,0,0,6.060000,-0.500000,1,1,2
15,570,14250,100.419998,12.175000,0,0,1,1,2
15,571,14275,100.730003,12.164000,0,0,1,1,2
78,280,14280,0,0,6.084000,-0.508000,1,1,2
15,572,14300,100.660004,12.273000,0,0,1,1,2
15,573,14325,100.970001,12.282000,0,0,1,1,2
78,281,14331,0,0,6.117000,-0.502000,1,0,2
15,574,14350,101.220001,12.352000,0,0,1,1,2
15,575,14375,101.139999,12.331000,0,0,1,1,2
78,282,14382,0,0,6.103000,-0.482000,1,1,2
15,576,14400,101.419998,12.414000,0,0,1,1,2
15,577,14425,101.480003,12.464000,0,0,1,1,2
78,283,14433,0,0,6.131000,-0.506000,1,1,2
15,579,14475,101.809998,12.542000,0,0,1,0,3
78,284,14484,0,0,6.166000,-0.482000,1,1,2
15,580,14500,102.199997,12.668000,0,0,1,1,3
15,581,14525,102.180000,12.713000,0,0,1,1,3
78,285,14535,0,0,6.161000,-0.495000,1,0,2
15,582,14550,102.379997,12.668000,0,0,1,1,3
15,583,14575,102.589996,12.768000,0,0,1,1,3
78,286,14586,0,0,6.178000,-0.499000,1,1,2
15,584,14600,102.629997,12.828000,0,0,1,1,3
15,585,14625,102.919998,12.903000,0,0,1,1,3
15,586,14650,102.919998,12.856000,0,0,1,1,3
78,287,14663,0,0,6.217000,-0.493000,1,0,2
15,587,14675,103.089996,12.967000,0,0,1,1,3
78,288,14688,0,0,6.251000,-0.467000,1,0,2
15,588,14700,103.339996,12.989000,0,0,1,1,3
15,589,14725,103.379997,13.057000,0,0,1,1,3
78,289,14739,0,0,6.276000,-0.480000,1,1,2
15,590,14750,103.730003,13.073000,0,0,1,1,3
15,591,14775,103.919998,13.175000,0,0,1,1,3
78,290,14790,0,0,6.290000,-0.475000,1,1,2
15,592,14800,104.029999,13.182000,0,0,1,1,3
15,593,14825,104.080002,13.246000,0,0,1,1,3
78,291,14841,0,0,6.303000,-0.483000,1,1,2
15,594,14850,104.190002,13.264000,0,0,1,1,3
15,595,14875,104.529999,13.317000,0,0,1,1,3
78,292,14892,0,0,6.289000,-0.478000,1,0,2
15,596,14900,104.629997,13.376000,0,0,1,1,3
15,597,14925,104.650002,13.441000,0,0,1,1,3
78,293,14943,0,0,6.335000,-0.474000,1,1,2
15,598,14950,104.769997,13.462000,0,0,1,1,3
15,599,14975,104.959999,13.542000,0,0,1,1,3
78,294,14994,0,0,6.339000,-0.454000,1,1,2
15,600,15000,105.250000,13.549000,0,0,1,1,3
15,601,15025,105.500000,13.579000,0,0,1,1,3
78,295,15045,0,0,6.388000,-0.441000,1,1,2
15,602,15050,105.699997,13.698000,0,0,1,1,3
15,603,15075,105.790001,13.741000,0,0,1,1,3
78,296,15096,0,0,6.404000,-0.469000,1,0,2
15,604,15100,105.760002,13.718000,0,0,1,1,3
15,605,15125,106.110001,13.783000,0,0,1,1,3
78,297,15147,0,0,6.401000,-0.460000,1,1,2
15,606,15150,106.199997,13.817000,0,0,1,1,3
15,607,15175,106.269997,13.921000,0,0,1,1,3
78,298,15198,0,0,6.412000,-0.473000,1,1,2
15,608,15200,106.550003,13.959000,0,0,1,1,3
15,609,15225,106.800003,14.022000,0,0,1,1,3
78,299,15249,0,0,6.413000,-0.479000,1,1,2
15,610,15250,106.970001,14.069000,0,0,1,1,3
15,611,15275,106.879997,14.130000,0,0,1,1,3
78,300,15300,0,0,6.446000,-0.451000,1,0,2
15,612,15300,107.220001,14.094000,0,0,1,1,3
15,613,15325,107.269997,14.178000,0,0,1,1,3
15,614,15350,107.570000,14.234000,0,0,1,1,3
78,301,15351,0,0,6.448000,-0.465000,1,1,2
15,615,15375,107.470001,14.320000,0,0,1,1,3
15,616,15400,107.800003,14.359000,0,0,1,1,3
78,302,15402,0,0,6.489000,-0.446000,1,1,2
15,617,15425,107.809998,14.337000,0,0,1,1,3
15,618,15450,108.000000,14.410000,0,0,1,1,3
78,303,15453,0,0,6.499000,-0.452000,1,1,2
15,620,15500,108.529999,14.509000,0,0,1,0,4
78,304,15504,0,0,6.547000,-0.427000,1,0,2
15,621,15525,108.559998,14.597000,0,0,1,1,4
15,622,15550,108.739998,14.593000,0,0,1,1,4
78,305,15555,0,0,6.559000,-0.470000,1,1,2
15,623,15575,108.949997,14.630000,0,0,1,1,4
15,624,15600,109.080002,14.720000,0,0,1,1,4
78,306,15606,0,0,6.564000,-0.420000,1,1,2
15,625,15625,109.230003,14.738000,0,0,1,1,4
15,626,15650,109.349998,14.851000,0,0,1,1,4
78,307,15657,0,0,6.576000,-0.461000,1,1,2
15,627,15675,109.599998,14.870000,0,0,1,1,4
15,628,15700,109.809998,14.909000,0,0,1,1,4
78,308,15708,0,0,6.579000,-0.424000,1,0,2
15,629,15725,109.970001,14.975000,0,0,1,1,4
78,309,15759,0,0,6.636000,-0.461000,1,1,2
78,310,15810,0,0,6.653000,-0.421000,1,1,2
78,311,15861,0,0,6.653000,-0.431000,1,1,2
78,312,15912,0,0,6.679000,-0.450000,1,0,2
78,313,15963,0,0,6.705000,-0.422000,1,1,2
78,314,16014,0,0,6.711000,-0.447000,1,1,2
78,315,16065,0,0,6.721000,-0.450000,1,1,2
78,317,16167,0,0,6.763000,-0.401000,1,0,3
78,318,16218,0,0,6.788000,-0.438000,1,1,3
78,319,16269,0,0,6.783000,-0.409000,1,1,3
78,320,16320,0,0,6.831000,-0.440000,1,1,3
78,321,16371,0,0,6.818000,-0.433000,1,0,3
78,322,16422,0,0,6.834000,-0.398000,1,1,3
78,323,16473,0,0,6.896000,-0.402000,1,1,3
78,324,16524,0,0,6.869000,-0.435000,1,1,3
78,325,16575,0,0,6.907000,-0.387000,1,0,3
78,326,16626,0,0,6.913000,-0.422000,1,1,3
78,327,16677,0,0,6.945000,-0.404000,1,1,3
78,328,16728,0,0,6.949000,-0.412000,1,1,3
78,329,16779,0,0,6.997000,-0.414000,1,0,3
78,330,16830,0,0,6.999000,-0.409000,1,1,3
78,331,16881,0,0,7.037000,-0.380000,1,1,3
78,332,16932,0,0,7.058000,-0.415000,1,1,3
78,333,16983,0,0,7.059000,-0.411000,1,0,3
78,334,17034,0,0,7.061000,-0.388000,1,1,3
78,335,17085,0,0,7.093000,-0.380000,1,1,3
78,336,17136,0,0,7.102000,-0.373000,1,1,3
78,337,17187,0,0,7.132000,-0.389000,1,0,3
78,338,17238,0,0,7.126000,-0.372000,1,1,3
78,339,17289,0,0,7.149000,-0.386000,1,1,3
78,340,17340,0,0,7.176000,-0.382000,1,1,3
78,341,17391,0,0,7.204000,-0.370000,1,0,3
78,342,17442,0,0,7.239000,-0.400000,1,1,3
78,343,17493,0,0,7.249000,-0.369000,1,1,3
78,344,17544,0,0,7.251000,-0.387000,1,1,3
78,345,17595,0,0,7.293000,-0.373000,1,0,3
78,346,17646,0,0,7.307000,-0.355000,1,1,3
78,347,17697,0,0,7.289000,-0.355000,1,1,3
78,348,17748,0,0,7.350000,-0.353000,1,1,3
78,349,17799,0,0,7.370000,-0.343000,1,0,3
78,350,17850,0,0,7.345000,-0.381000,1,1,3
78,351,17901,0,0,7.372000,-0.358000,1,1,3
78,352,17952,0,0,7.394000,-0.372000,1,1,3
78,353,18003,0,0,7.406000,-0.348000,1,0,3
78,354,18054,0,0,7.451000,-0.364000,1,1,3
78,355,18105,0,0,7.456000,-0.333000,1,1,3
78,356,18156,0,0,7.458000,-0.362000,1,1,3
78,357,18207,0,0,7.496000,-0.370000,1,0,3
78,358,18258,0,0,7.484000,-0.331000,1,1,3
78,359,18309,0,0,7.505000,-0.351000,1,1,3
78,360,18360,0,0,7.566000,-0.361000,1,1,3
78,361,18411,0,0,7.564000,-0.332000,1,0,3
78,362,18462,0,0,7.594000,-0.358000,1,1,3
78,363,18513,0,0,7.581000,-0.352000,1,1,3
78,364,18564,0,0,7.615000,-0.341000,1,1,3
78,365,18615,0,0,7.639000,-0.356000,1,0,3
78,366,18666,0,0,7.646000,-0.327000,1,1,3
78,367,18717,0,0,7.670000,-0.318000,1,1,3
78,369,18819,0,0,7.705000,-0.338000,1,0,4
78,371,18921,0,0,7.739000,-0.305000,1,0,5
78,372,18972,0,0,7.747000,-0.335000,1,1,5
78,373,19023,0,0,7.798000,-0.318000,1,1,5
78,374,19074,0,0,7.801000,-0.321000,1,1,5
78,375,19125,0,0,7.807000,-0.301000,1,0,5
78,376,19176,0,0,7.812000,-0.301000,1,1,5
78,377,19227,0,0,7.833000,-0.319000,1,1,5
78,378,19278,0,0,7.847000,-0.295000,1,1,5
78,379,19329,0,0,7.903000,-0.304000,1,0,5
78,380,19380,0,0,7.896000,-0.322000,1,1,5
78,381,19431,0,0,7.907000,-0.284000,1,1,5
78,382,19482,0,0,7.954000,-0.329000,1,1,5
78,383,19533,0,0,7.942000,-0.281000,1,0,5
78,385,19635,0,0,8.010000,-0.303000,1,0,6
78,386,19686,0,0,8.026000,-0.280000,1,1,6
78,387,19737,0,0,8.027000,-0.290000,1,1,6
78,388,19788,0,0,8.078000,-0.306000,1,1,6
78,389,19839,0,0,8.061000,-0.301000,1,0,6
78,390,19890,0,0,8.096000,-0.279000,1,1,6
78,391,19941,0,0,8.125000,-0.313000,1,1,6
78,392,19992,0,0,8.128000,-0.305000,1,1,6
78,393,20043,0,0,8.133000,-0.302000,1,0,6
78,394,20094,0,0,8.186000,-0.285000,1,1,6
78,395,20145,0,0,8.198000,-0.264000,1,1,6
78,396,20196,0,0,8.178000,-0.292000,1,1,6
78,397,20247,0,0,8.233000,-0.304000,1,0,6
78,398,20298,0,0,8.215000,-0.259000,1,1,6
78,399,20349,0,0,8.246000,-0.256000,1,1,6
78,400,20400,0,0,8.281000,-0.278000,1,1,6
78,401,20451,0,0,8.287000,-0.291000,1,0,6
78,402,20502,0,0,8.296000,-0.245000,1,1,6
78,403,20553,0,0,8.302000,-0.286000,1,1,6
78,404,20604,0,0,8.333000,-0.254000,1,1,6
78,405,20655,0,0,8.373000,-0.249000,1,0,6
78,406,20706,0,0,8.371000,-0.273000,1,1,6
78,407,20757,0,0,8.379000,-0.243000,1,1,6
78,408,20808,0,0,8.399000,-0.267000,1,1,6
78,409,20859,0,0,8.411000,-0.247000,1,0,6
78,410,20910,0,0,8.435000,-0.254000,1,1,6
78,411,20961,0,0,8.464000,-0.259000,1,1,6
78,412,21012,0,0,8.488000,-0.270000,1,1,6
78,413,21063,0,0,8.530000,-0.259000,1,0,6
78,414,21114,0,0,8.523000,-0.227000,1,1,6
78,415,21165,0,0,8.551000,-0.232000,1,1,6
78,416,21216,0,0,8.544000,-0.266000,1,1,6
78,417,21267,0,0,8.583000,-0.255000,1,0,6
78,418,21318,0,0,8.576000,-0.245000,1,1,6
78,419,21369,0,0,8.631000,-0.239000,1,1,6
78,420,21420,0,0,8.618000,-0.258000,1,1,6
78,421,21471,0,0,8.660000,-0.222000,1,0,6
78,422,21522,0,0,8.661000,-0.213000,1,1,6
78,423,21573,0,0,8.682000,-0.241000,1,1,6
78,424,21624,0,0,8.719000,-0.242000,1,1,6
78,425,21675,0,0,8.720000,-0.216000,1,0,6
78,426,21726,0,0,8.731000,-0.216000,1,1,6
78,427,21777,0,0,8.763000,-0.217000,1,1,6
78,428,21828,0,0,8.803000,-0.219000,1,1,6
78,429,21879,0,0,8.824000,-0.199000,1,0,6
78,430,21930,0,0,8.828000,-0.200000,1,1,6
78,431,21981,0,0,8.851000,-0.241000,1,1,6
78,432,22032,0,0,8.874000,-0.199000,1,1,6
78,433,22083,0,0,8.886000,-0.191000,1,0,6
78,435,22185,0,0,8.929000,-0.210000,1,0,7
78,436,22236,0,0,8.908000,-0.216000,1,1,7
78,437,22287,0,0,8.957000,-0.188000,1,1,7
78,438,22338,0,0,8.942000,-0.221000,1,1,7
78,439,22389,0,0,8.991000,-0.184000,1,0,7
78,440,22440,0,0,8.999000,-0.189000,1,1,7
78,441,22491,0,0,9.023000,-0.198000,1,1,7
78,442,22542,0,0,9.016000,-0.175000,1,1,7
78,443,22593,0,0,9.039000,-0.205000,1,0,7
78,444,22644,0,0,9.079000,-0.185000,1,1,7
78,445,22695,0,0,9.114000,-0.209000,1,1,7
78,446,22746,0,0,9.104000,-0.171000,1,1,7
78,447,22797,0,0,9.134000,-0.205000,1,0,7
78,448,22848,0,0,9.135000,-0.188000,1,1,7
78,449,22899,0,0,9.162000,-0.166000,1,1,7
78,450,22950,0,0,9.168000,-0.202000,1,1,7
78,451,23001,0,0,9.201000,-0.203000,1,0,7
78,452,23052,0,0,9.217000,-0.161000,1,1,7
78,453,23103,0,0,9.233000,-0.190000,1,1,7
78,454,23154,0,0,9.271000,-0.157000,1,1,7
78,455,23205,0,0,9.291000,-0.185000,1,0,7
78,456,23256,0,0,9.268000,-0.163000,1,1,7
78,457,23307,0,0,9.330000,-0.158000,1,1,7
78,458,23358,0,0,9.351000,-0.161000,1,1,7
78,459,23409,0,0,9.366000,-0.187000,1,0,7
78,460,23460,0,0,9.370000,-0.147000,1,1,7
78,461,23511,0,0,9.371000,-0.140000,1,1,7
78,462,23562,0,0,9.380000,-0.161000,1,1,7
78,463,23613,0,0,9.423000,-0.153000,1,0,7
78,464,23664,0,0,9.422000,-0.173000,1,1,7
78,465,23715,0,0,9.434000,-0.177000,1,1,7
78,466,23766,0,0,9.478000,-0.141000,1,1,7
78,467,23817,0,0,9.472000,-0.138000,1,0,7
78,468,23868,0,0,9.515000,-0.149000,1,1,7
78,469,23919,0,0,9.549000,-0.166000,1,1,7
78,470,23970,0,0,9.555000,-0.140000,1,1,7
78,471,24021,0,0,9.574000,-0.127000,1,0,7
78,472,24072,0,0,9.560000,-0.126000,1,1,7
78,473,24123,0,0,9.622000,-0.136000,1,1,7
78,474,24174,0,0,9.630000,-0.125000,1,1,7
78,475,24225,0,0,9.646000,-0.115000,1,0,7
78,476,24276,0,0,9.679000,-0.139000,1,1,7
78,477,24327,0,0,9.671000,-0.151000,1,1,7
78,478,24378,0,0,9.671000,-0.116000,1,1,7
78,479,24429,0,0,9.721000,-0.145000,1,0,7
78,480,24480,0,0,9.723000,-0.120000,1,1,7
78,481,24531,0,0,9.724000,-0.118000,1,1,7
78,482,24582,0,0,9.753000,-0.142000,1,1,7
78,483,24633,0,0,9.785000,-0.129000,1,0,7
78,484,24684,0,0,9.814000,-0.132000,1,1,7
78,485,24735,0,0,9.840000,-0.097000,1,1,7
78,486,24786,0,0,9.843000,-0.107000,1,1,7
78,487,24837,0,0,9.867000,-0.113000,1,0,7
78,488,24888,0,0,9.889000,-0.102000,1,1,7
78,490,24990,0,0,9.911000,-0.086000,1,0,8
78,491,25041,0,0,9.908000,-0.090000,1,1,8
78,492,25092,0,0,9.947000,-0.100000,1,1,8
78,493,25143,0,0,9.975000,-0.114000,1,1,8
78,494,25194,0,0,10.001000,-0.097000,1,0,8
78,495,25245,0,0,10.005000,-0.098000,1,1,8
78,496,25296,0,0,10.011000,-0.094000,1,1,8
78,497,25347,0,0,10.045000,-0.088000,1,1,8
78,498,25398,0,0,10.029000,-0.116000,1,0,8
78,499,25449,0,0,10.082000,-0.091000,1,1,8
78,500,25500,0,0,10.093000,-0.087000,1,1,8
78,501,25551,0,0,10.099000,-0.088000,1,1,8
78,502,25602,0,0,10.112000,-0.070000,1,0,8
78,503,25653,0,0,10.136000,-0.076000,1,1,8
78,504,25704,0,0,10.141000,-0.068000,1,1,8
78,505,25755,0,0,10.180000,-0.065000,1,1,8
78,506,25806,0,0,10.224000,-0.098000,1,0,8
78,507,25857,0,0,10.201000,-0.103000,1,1,8
78,508,25908,0,0,10.233000,-0.075000,1,1,8
78,510,26010,0,0,10.249000,-0.062000,1,0,9
78,511,26061,0,0,10.274000,-0.050000,1,1,9
78,512,26112,0,0,10.330000,-0.049000,1,1,9
78,513,26163,0,0,10.351000,-0.044000,1,1,9
78,515,26265,0,0,10.345000,-0.074000,1,0,10
78,516,26316,0,0,10.387000,-0.053000,1,1,10
78,517,26367,0,0,10.397000,-0.056000,1,1,10
78,518,26418,0,0,10.394000,-0.080000,1,1,10
78,519,26469,0,0,10.433000,-0.062000,1,0,10
78,521,26571,0,0,10.452000,-0.055000,1,0,11
78,522,26622,0,0,10.494000,-0.051000,1,1,11
78,523,26673,0,0,10.530000,-0.058000,1,1,11
78,524,26724,0,0,10.547000,-0.028000,1,1,11
78,525,26775,0,0,10.525000,-0.061000,1,0,11
78,526,26826,0,0,10.546000,-0.063000,1,1,11
78,527,26877,0,0,10.605000,-0.027000,1,1,11
78,528,26928,0,0,10.606000,-0.037000,1,1,11
78,529,26979,0,0,10.616000,-0.028000,1,0,11
78,530,27030,0,0,10.636000,-0.032000,1,1,11
78,531,27081,0,0,10.675000,-0.040000,1,1,11
78,532,27132,0,0,10.664000,-0.056000,1,1,11
78,533,27183,0,0,10.710000,-0.023000,1,0,11
78,534,27234,0,0,10.717000,-0.023000,1,1,11
78,535,27285,0,0,10.723000,-0.009000,1,1,11
78,536,27336,0,0,10.732000,-0.013000,1,1,11
78,537,27387,0,0,10.785000,-0.040000,1,0,11
78,538,27438,0,0,10.794000,-0.013000,1,1,11
78,539,27489,0,0,10.813000,-0.011000,1,1,11
78,540,27540,0,0,10.823000,-0.008000,1,1,11
78,541,27591,0,0,10.859000,-0.016000,1,0,11
78,542,27642,0,0,10.871000,0.006000,1,1,11
78,543,27693,0,0,10.861000,-0.031000,1,1,11
78,544,27744,0,0,10.871000,-0.022000,1,1,11
78,545,27795,0,0,10.907000,0.005000,1,0,11
78,546,27846,0,0,10.945000,0.015000,1,1,11
78,547,27897,0,0,10.947000,-0.018000,1,1,11
78,548,27948,0,0,10.987000,0.008000,1,1,11
78,549,27999,0,0,10.985000,-0.026000,1,0,11
